pair_id,dataset_id_1,column_name_1,sample_values_1,dataset_id_2,column_name_2,sample_values_2,jaccard_score,lazo_score,embedding_score,vote_count,confidence,y/n
0,i4gi-tjb9,borough,"Bronx, Brooklyn, Manhattan, Queens, Staten Island",kb2e-tjy3,borough,"Bronx, Brooklyn, Manhattan, Queens, Staten Island",1,1,1,3,high,y
1,ci36-d7ea,survey_pp_se,"0.51, 0.64, 0.65, 0.66, 0.69",kkng-ugna,survey_pp_ct,"0.64, 0.66, 0.78, 0.8, 0.86",1,0.76,0.8543,3,high,n
2,phvi-damg,borough,"BRONX, BROOKLYN, MANHATTAN, QUEENS, STATEN ISLAND",rc2t-8fid,borough,"Bronx, Brooklyn, Manhattan, Queens, Staten Island",1,1,1,3,high,y
3,922w-z7da,borough,"Bronx, Brooklyn, Manhattan, Queens, Staten Island",avhb-5jhc,borough,BROOKLYN,1,1,1,3,high,y
4,5ery-qagt,city,"Bronx, Brooklyn, New York, Ridgewood, Whitestone",n3p6-zve2,city,"Bronx, Brooklyn, Cambria Heights, Elmhurst, Far Rockaway",1,0.6429,1,3,high,y
5,3spy-rjpw,borough,"BRONX, BROOKLYN, MANHATTAN, QUEENS, STATEN IS",at6q-ktig,borough,Queens,1,1,1,3,high,y
6,jdn9-td9w,borough,"BRONX, BROOKLYN, MANHATTAN, QUEENS",vd7c-qjsx,borough,"Bronx, Brooklyn",1,0.8,1,3,high,y
7,tzwr-vksx,borough,"BRONX, BROOKLYN, MANHATTAN",ur7y-ziyb,borough,"Bronx, Brooklyn, Manhattan, No Verifiable Associated NYC Address, Queens",1,1,1,3,high,y
8,6rrm-vxj9,borough,"Brooklyn, Manhattan, the Bronx",bkui-39n8,borough,"BRONX, BROOKLYN, MANHATTAN, QUEENS",1,0.8,1,3,high,y
9,922w-z7da,city,"BRONX, BROOKLYN, JAMAICA, KEW GARDENS, NEW YORK",kswi-37bp,city,"Arlington, Bronx, Brooklyn, New York",1,0.625,1,3,high,y
10,dsg6-ifza,borough,"BRONX, BROOKLYN, MANHATTAN, QUEENS, STATEN ISLAND",vq35-j9qm,borough,"Bronx, Brooklyn, Manhattan, Queens, Staten Island",1,1,1,3,high,y
11,v57i-gtxb,borough,"Bronx, Brooklyn, Manhattan, Queens, Staten Island",vz8c-29aj,borough,"Bronx, Brooklyn, Brooklyn (Note: General Education Only), Brooklyn (Note: Special Education Only), Manhattan",1,1,1,3,high,y
12,pkdm-hqz6,borough,"BRONX, BROOKLYN, MANHATTAN, QUEENS",tg4x-b46p,borough,"Bronx, Brooklyn, Manhattan, Queens, Staten Island",1,1,1,3,high,y
13,9hyh-zkx9,borough,"Bronx, Brooklyn, Manhattan, Queens",a6nj-cfbz,borough,"Brooklyn, Manhattan",1,1,1,3,high,y
14,a5rk-jemi,last_travel_date,"2019-06-07T00:00:00.000, 2019-06-13T00:00:00.000, 2019-06-14T00:00:00.000, 2019-06-27T00:00:00.000, 2019-06-28T00:00:00.000",x5ra-hhdw,travel_date,"2019-06-01T00:00:00.000, 2019-06-02T00:00:00.000, 2019-06-03T00:00:00.000, 2019-06-04T00:00:00.000, 2019-06-05T00:00:00.000",0.6667,0.9,0.8743,3,high,n
15,qt6m-xctn,borough,"Bronx, Brooklyn, Manhattan, Queens, Staten Island",rxpf-yca2,borough,"Bronx, Manhattan",1,1,1,3,high,y
16,v57i-gtxb,borough,"Bronx, Brooklyn, Manhattan, Queens, Staten Island",x4x8-m3ds,borough,"Average, Bronx, Brooklyn, Manhattan, Queens",1,1,1,3,high,y
17,fuzb-9jre,borough,"K, M, X, Y",mk9u-qu7i,borough,"B, M, Q, R, X",1,0.6,1,3,high,y
18,nfid-uabd,borough,"Bronx, Brooklyn, Manhattan, Queens, Staten Island",yunp-vs8g,borough,"BRONX, BROOKLYN, MANHATTAN, QUEENS",1,1,1,3,high,y
19,evjd-dqpz,borough,"BRONX, BROOKLYN, MANHATTAN, QUEENS",exsg-kpya,borough,"BRONX, BROOKLYN, QUEENS, STATEN IS",1,0.8,1,3,high,y
20,cfuy-6eha,borough,Bronx,v57i-gtxb,borough,"Bronx, Brooklyn, Manhattan, Queens, Staten Island",1,1,1,3,high,y
21,77q4-nkfh,borough,"BRONX, BROOKLYN, MANHATTAN, QUEENS, STATEN IS",v57i-gtxb,borough,"Bronx, Brooklyn, Manhattan, Queens, Staten Island",1,0.8,1,3,high,y
22,h922-d8e5,borough,"Bronx, Brooklyn, Manhattan, Queens, Staten Island",pkdm-hqz6,borough,"BRONX, BROOKLYN, MANHATTAN, QUEENS",1,1,1,3,high,y
23,ji82-xba5,city,"BRONX, BROOKLYN, NEW YORK, SPRINGFIELD GARDENS, STATEN ISLAND",n55z-cx8y,city,"BROOKLYN, NEW YORK",1,0.5714,1,3,high,y
24,6rf2-gv9k,borough,"Bronx, Brooklyn, Citywide, Manhattan, Queens",uh2w-zjsn,borough,"Bronx, Brooklyn, Manhattan, Queens",1,1,1,3,high,y
25,gfej-by6h,borough,"Bronx, Brooklyn, Manhattan, Queens, Staten Island",h9gi-nx95,borough,"BRONX, BROOKLYN, MANHATTAN, QUEENS",1,1,1,3,high,y
26,h2bn-gu9k,borough,"Brooklyn, Manhattan, Queens",kfrx-hgf8,borough,"BROOKLYN, MANHATTAN",1,1,1,3,high,y
27,4pta-f4ca,borough,"Bronx, Brooklyn, Manhattan, Queens, Staten Island",6rf2-gv9k,borough,"Bronx, Brooklyn, Citywide, Manhattan, Queens",1,1,1,3,high,y
28,if26-z6xq,borough,"Bronx, Brooklyn, Manhattan, Staten Island",v57i-gtxb,borough,"Bronx, Brooklyn, Manhattan, Queens, Staten Island",1,1,1,3,high,y
29,4kpn-sezh,borough,"Bronx, Brooklyn, Manhattan, Queens",bs8b-p36w,borough,"Bronx, Brooklyn, Manhattan, Queens, Staten Island",1,1,1,3,high,y
30,ybdk-jmnn,borough,"BRONX, BROOKLYN, MANHATTAN, QUEENS",yv4m-nu6d,borough,"BRONX, BROOKLYN, MANHATTAN",1,0.8,1,3,high,y
31,3w89-mz4u,borough,Bronx,phvi-damg,borough,"BRONX, BROOKLYN, MANHATTAN, QUEENS, STATEN ISLAND",1,1,1,3,high,y
32,bug8-9f3g,city,"Brooklyn, College Point, Lond Island City, Long Island City, New York",dm9a-ab7w,city,"ASTORIA, BRONX, BROOKLYN, CORONA, FLUSHING",1,0.6,1,3,high,y
33,6rrm-vxj9,borough,"Brooklyn, Manhattan, the Bronx",pnpe-ubtz,borough,"Bronx, Brooklyn, Manhattan",1,0.8,1,3,high,y
34,gkgs-za6m,borough,"Bronx, Brooklyn, Manhattan, Queens, Staten Island",jdn9-td9w,borough,"BRONX, BROOKLYN, MANHATTAN, QUEENS",1,1,1,3,high,y
35,ebkm-iyma,city,"BX, Bronx, Brooklyn, Jamaica, New York",p5md-weyf,city,"Bayside, Bellerose, Bronx, Brooklyn, Flushing",1,0.7143,1,3,high,y
36,6rrm-vxj9,borough,"Brooklyn, Manhattan, the Bronx",ynaw-bmnm,borough,"Bronx, Manhattan, Manhattan/Bronx, Queens",1,0.8,1,3,high,y
37,shpd-5q9m,city,"Brooklyn, Manhattan, New York",uq7m-95z8,city,"Bronx, Brooklyn, Far Rockaway, Long Island City, Manhattan",1,0.5,1,3,high,y
38,fuzb-9jre,borough,"K, M, X, Y",hxx3-bwgv,borough,"B, M, Q, R, X",1,0.6,1,3,high,y
39,hgx4-8ukb,borough,"Brooklyn, Citywide, Manhattan, Staten Island",ybdk-jmnn,borough,"BRONX, BROOKLYN, MANHATTAN, QUEENS",1,0.8,1,3,high,y
40,pkdm-hqz6,borough,"BRONX, BROOKLYN, MANHATTAN, QUEENS",xx2p-4jnq,borough,"BRONX, BROOKLYN, MANHATTAN, QUEENS, STATEN IS",1,0.8,1,3,high,y
41,fc53-9hrv,borough,"Bronx, Brooklyn, Manhattan, Queens, Staten Island",rc2t-8fid,borough,"Bronx, Brooklyn, Manhattan, Queens, Staten Island",1,1,1,3,high,y
42,i4gi-tjb9,borough,"Bronx, Brooklyn, Manhattan, Queens, Staten Island",qt6m-xctn,borough,"Bronx, Brooklyn, Manhattan, Queens, Staten Island",1,1,1,3,high,y
43,9s68-zggy,borough,"BRONX, MANHATTAN, QUEENS",k5us-nav4,borough,"Bronx, Brooklyn, Manhattan, Queens, Staten Island",1,0.8,1,3,high,y
44,tkzt-zfpz,borough,"B, M, Q, R, X",uwmn-v7un,borough,"B, Q, R, X",1,1,1,3,high,y
45,7kc8-z939,borough,"Brooklyn, Manhattan, N/A, Queens, Staten Island",h9gi-nx95,borough,"BRONX, BROOKLYN, MANHATTAN, QUEENS",1,1,1,3,high,y
46,e7gc-ub6z,borough,"BRONX, MANHATTAN, QUEENS",fc53-9hrv,borough,"Bronx, Brooklyn, Manhattan, Queens, Staten Island",1,1,1,3,high,y
47,f6s7-vytj,borough,"MANHATTAN, QUEENS",n7ta-pz8k,borough,"Brooklyn, Queens, Staten Island",1,1,1,3,high,y
48,6a2s-2t65,borough,Brooklyn,ay6v-3gm3,borough,"Bronx, Brooklyn, Manhattan, Queens, Staten Island",1,1,1,3,high,y
49,a2pm-dj2w,borough,"Bronx, Brooklyn, Manhattan, Queens, Staten Island",tzwr-vksx,borough,"BRONX, BROOKLYN, MANHATTAN",1,1,1,3,high,y
50,jt7v-77mi,registration_state,"99, ME, NJ, NY, TX",qmh3-uvgq,state,"IL, NJ, NY, VA",0.5,0.7,0,2,medium,y
51,72r6-mtgs,borough,"BRONX, BROOKLYN, MANHATTAN, QUEENS",y23c-72fa,borough,"Brooklyn, Manhattan, Queens, Staten Island",1,1,0,2,medium,y
52,iaig-3vs5,borough,"Bronx, Brooklyn, Manhattan",pc34-d3sx,borough,Bronx,1,1,0,2,medium,y
53,78sp-6jhj,borough,"Bronx, Brooklyn, Manhattan, Queens, Staten Island",b4mf-rg6h,borough,"Bronx, Brooklyn, Manhattan, Queens",1,1,0,2,medium,y
54,9ji4-nien,borough,"Bronx, Manhattan",ntcm-2w4k,borough,"BRONX, BROOKLYN",1,0.8,0,2,medium,y
55,56u5-n9sa,borough,"Bronx, Brooklyn, Manhattan, Queens, Staten Island",6wy6-6agj,borough_name,"Brooklyn, Manhattan",0.5,1,0,2,medium,y
56,c284-tqph,vehicle_make,"CHEVR, FORD, GMC, HONDA, INTER",p7t3-5i9s,vehicle_make,"BMW, CHEVR, CMCKU, FORD, FRUEH",1,0.7,0,2,medium,y
57,h6af-x63h,borough,"Bronx, Brooklyn, Queens",wzur-rhz9,borough,"BRONX, BROOKLYN, QUEENS",1,1,0,2,medium,y
58,shpd-5q9m,borough,"BROOKLYN, MANHATTAN",y23c-72fa,borough,"Brooklyn, Manhattan, Queens, Staten Island",1,1,0,2,medium,y
59,5ijn-vbdv,borough,"BRONX, BROOKLYN, MANHATTAN, QUEENS, STATEN ISLAND",bkui-39n8,borough,"BRONX, BROOKLYN, MANHATTAN, QUEENS",1,1,0,2,medium,y
60,ybdk-jmnn,borough,"BRONX, BROOKLYN, MANHATTAN, QUEENS",ygpa-z7cr,borough,"BRONX, BROOKLYN, MANHATTAN, QUEENS",1,0.8,0,2,medium,y
61,edk2-vkjh,borough,"Bronx, Brooklyn, Manhattan, Queens, Staten Island",u42f-se8e,borough,"Bronx, Brooklyn",1,1,0,2,medium,y
62,2iga-a6mk,validated_borough,"Bronx, Brooklyn, Manhattan, Queens",tc6u-8rnp,borough,"Bronx, Brooklyn, Manhattan, Queens, Staten Island",0.5,1,0,2,medium,y
63,gdpi-hegk,progress_grade,"A, B, C, D, F",xne4-4v8f,_2011_2012_progress_grade,"A, B, C, D, F",0.5,1,0,2,medium,y
64,6246-94tp,borough_name,"BRONX, BROOKLYN, MANHATTAN, QUEENS",qyv6-5ipu,borough,"Bronx, Brooklyn, Manhattan, Queens",0.5,1,0,2,medium,y
65,fuhs-xmg2,borough,Manhattan,gyrw-gvqc,park_borough,"Bronx, Brooklyn, Manhattan, Queens",0.5,1,0,2,medium,y
66,pd5h-92mc,borough,"Bronx, Brooklyn",w76s-c5u4,borough,"Bronx, Brooklyn, Manhattan, Queens, Staten Island",1,1,0,2,medium,y
67,g993-cbry,borough,"Bronx, Brooklyn, Manhattan, Queens, Staten Island",hyur-qpyf,borough,"Bronx, Brooklyn, Manhattan, Queens, Staten Island",1,1,0,2,medium,y
68,budf-qanm,q14_c4_r3,"0 hrs, 11-20 hrs",c4vk-jvzy,q14_c1_r4,"21-30 hrs, 71-80 hrs, 81-90 hrs, 91-100 hrs",1,0.75,0,2,medium,n
69,8vgb-zm6e,borough,"BROOKLYN, MANHATTAN, QUEENS",tbf6-u8ea,borough,"All, Bronx, Brooklyn, Manhattan, Manhattan and Bronx",1,1,0,2,medium,y
70,3qem-6v3v,borough,"Bronx, Brooklyn, Manhattan, Queens",x4x8-m3ds,borough,"Average, Bronx, Brooklyn, Manhattan, Queens",1,1,0,2,medium,y
71,t4kb-prwp,borough,"BROOKLYN, MANHATTAN, QUEENS, STATEN ISLAND",x4x8-m3ds,borough,"Average, Bronx, Brooklyn, Manhattan, Queens",1,1,0,2,medium,y
72,r465-fr2q,borough,"Bronx, Manhattan",xi7c-iiu2,borough,"Bronx, Brooklyn",1,1,0,2,medium,y
73,frre-6z6q,applicant_borough,"BRONX, BROOKLYN, MANHATTAN",h2bn-gu9k,borough,"Brooklyn, Manhattan, Queens",0.5,1,0,2,medium,y
74,9ji4-nien,borough,"Bronx, Manhattan",e5aq-a4j2,borough,"BROOKLYN, MANHATTAN, QUEENS",1,1,0,2,medium,y
75,tg4x-b46p,borough,"Bronx, Brooklyn, Manhattan, Queens, Staten Island",vqu8-xef9,borough,"Bronx, Manhattan, Queens",1,1,0,2,medium,y
76,867j-5pgi,boro,"BRONX, BROOKLYN, MANHATTAN, QUEENS",kwss-yksz,boro,"Bronx, Brooklyn, Manhattan, Queens",1,0.8,0,2,medium,y
77,b4mf-rg6h,borough,"Bronx, Brooklyn, Manhattan, Queens",sqcr-6mww,park_borough,"BRONX, BROOKLYN, STATEN ISLAND, Unspecified",0.5,1,0,2,medium,y
78,9a6i-gcns,borough,"Bronx, Brooklyn",tja3-yjvi,borough,"Bronx, Brooklyn, Manhattan, Queens, Staten Island",1,1,0,2,medium,y
79,8zf9-spf8,registration_state,"NJ, NY, PA, WA",ci93-uc8s,state,NY,0.5,0.5714,0,2,medium,y
80,9n6h-pt9g,borough,"Brooklyn, Queens, Staten Island",e3qr-idgg,borough,"Bronx, Brooklyn, Manhattan, Queens, Staten Island",1,1,0,2,medium,y
81,76ig-c548,park_borough,"BRONX, BROOKLYN, MANHATTAN, QUEENS",de3m-c5p4,borough,"Bronx, Brooklyn, Manhattan, Queens, Staten Island",0.5,1,0,2,medium,y
82,ii3r-svjz,borough,"Bronx, Brooklyn, Manhattan, Queens, Staten Island",upii-frjc,borough_of_violation,"Bronx, Brooklyn, LONG ISLAND, Manhattan, Queens",0.5,1,0,2,medium,y
83,c292-vzrn,city,"BRONX, BROOKLYN, Brooklyn, Flushing, Foxhurst",wcm8-aq5w,city,"BRONX, ELMHURST, Manhattan, NEW YORK, New York",1,0.6364,0,2,medium,y
84,bheb-sjfi,borough,"Bronx, Brooklyn, Manhattan, Queens",c5iv-bn4s,borough,"Bronx, Brooklyn, EWR, Manhattan, Queens",1,1,0,2,medium,y
85,76ig-c548,park_borough,"BRONX, BROOKLYN, MANHATTAN, QUEENS",nnf6-km2a,borough,"Bronx, Bronx, Brooklyn, Manhattan, Queens, Bronx, Brooklyn, Manhattan, Queens, Staten Island, Bronx, Brooklyn, Manhattan, Staten Island, Bronx, Brooklyn, Queens",0.5,1,0,2,medium,y
86,ptkq-bbd4,class_size,"15, 16, 17, 18, 19",pvwn-aqw2,class_size,"15, 16, 17, 18, 19",1,1,0,2,medium,y
87,5zyy-y8am,borough,"BRONX, BROOKLYN, MANHATTAN, QUEENS",yiqb-mq9h,borough,"BRONX, MANHATTAN, QUEENS",1,1,0,2,medium,y
88,pxkn-awzt,borough,"Bronx, Brooklyn, Manhattan, Queens, Staten Island",yr5p-wjer,borough,"BRONX, MANHATTAN, QUEENS, STATEN IS",1,0.8,0,2,medium,y
89,vmfm-wic2,borough,"BRONX, BROOKLYN, MANHATTAN",xi7c-iiu2,borough,"Bronx, Brooklyn",1,1,0,2,medium,y
90,pitm-atqc,borough,"Brooklyn, Manhattan, Queens",yv25-wqf9,park_borough,"Brooklyn, Queens, Staten Island",0.5,1,0,2,medium,y
91,e7gc-ub6z,borough,"BRONX, MANHATTAN, QUEENS",inb9-u6nt,borough,"Brooklyn, Manhattan, Queens",1,1,0,2,medium,y
92,n2h8-q6ag,borough,"Bronx, Brooklyn",nnf6-km2a,borough,"Bronx, Bronx, Brooklyn, Manhattan, Queens, Bronx, Brooklyn, Manhattan, Queens, Staten Island, Bronx, Brooklyn, Manhattan, Staten Island, Bronx, Brooklyn, Queens",1,1,0,2,medium,y
93,eyb2-p5s8,borough,"Bronx, Manhattan, Queens",tzsf-n2j8,borough,"Bronx, Brooklyn, Manhattan, Queens, Staten Island",1,1,0,2,medium,y
94,7ynj-zrfs,grade_level,0K,kpav-sd4t,level,"00, 01, 02, 03, 1B",0.5,0.8,0,2,medium,n
95,nre2-6m2s,borough,"Bronx, Brooklyn, Manhattan, Queens, Staten Island",vz8c-29aj,borough,"Bronx, Brooklyn, Brooklyn (Note: General Education Only), Brooklyn (Note: Special Education Only), Manhattan",1,1,0,2,medium,y
96,jr24-e7cr,borough,"BROOKLYN, MANHATTAN, QUEENS",ygfr-ij6t,borough,"BRONX, BROOKLYN, MANHATTAN",1,1,0,2,medium,y
97,77q4-nkfh,borough,"BRONX, BROOKLYN, MANHATTAN, QUEENS, STATEN IS",rcd4-qkns,borough,"Bronx, Brooklyn, Manhattan, Queens, Staten Island",1,0.8,0,2,medium,y
98,g76y-dcqj,borough,"BRONX, BROOKLYN, MANHATTAN",yhdx-itry,borough,"Bronx, Brooklyn, Manhattan, Queens, Staten Island",1,1,0,2,medium,y
99,77q4-nkfh,primary_property_type_epa,"Distribution Center, Hotel, Manufacturing/Industrial Plant, Multifamily Housing, Non-Refrigerated Warehouse",wcm8-aq5w,primary_property_type_self,"Financial Office, Hospital (General Medical & Surgical), Office, Retail Store",0.6,0.5833,0,2,medium,y
100,7qdz-u9hr,no_freq_bike_nyc_3,"0, 995",i2im-iqtt,no_freq_bike_nyc_1,"0, 1, 995",1,0,0.9547,2,medium,n
101,8b6c-7uty,longitude,"-73.975891, -73.979308, -73.982455, -73.982555, -73.984497",8rjn-kpsh,longitude,"-73.85568014, -73.86129603, -73.86198924, -73.86209796, -73.87265645",1,0,1,2,medium,n
102,bsin-59hv,borough,"3, 5",nibs-na6y,borough,"BK, BX, MN, QN",1,0,1,2,medium,n
103,77q4-nkfh,borough,"BRONX, BROOKLYN, MANHATTAN, QUEENS, STATEN IS",t8xi-d5wb,borough,Brooklyn,1,0,1,2,medium,y
104,8kvz-b7tv,borough,"Q, R, X",r4s5-tb2g,borough,4,1,0,1,2,medium,n
105,inb9-u6nt,status,Complete,uvpi-gqnh,status,Alive,1,0,1,2,medium,n
106,dpb9-ubdh,borough_in,,vibf-3qrq,borough,"BRONX, BROOKLYN, MANHATTAN, QUEENS",1,0,0.8772,2,medium,n
107,3as9-uee8,state,New York,ayeb-p4mv,state,NY,1,0,1,2,medium,y
108,hrsu-3w2q,year,2015-2016,wn4z-dw55,year,2019,1,0,1,2,medium,y
109,dpm2-m9mq,latitude,"40.61674369862869, 40.6345728463933, 40.680512861155236, 40.68534744539997, 40.719681440276766",yhdx-itry,latitude,"40.5538, 40.576126, 40.60759, 40.610675, 40.616594",1,0,1,2,medium,n
110,mpbx-6c9k,borough,"Bronx, Brooklyn, Citywide, Manhattan, Queens",xck4-5xd5,borough,Manhattan,1,0,1,2,medium,y
111,8vgb-zm6e,lot,"1021, 1029, 1030, 1031, 108",kyvb-rbwd,lot,"1, 12, 143, 15, 18",1,0,1,2,medium,n
112,k3sr-iysq,borough,"B, M, Q, R, X",xi7c-iiu2,borough,"Bronx, Brooklyn",1,0,1,2,medium,y
113,xzy8-qqgf,year,"2022-23, 2023-24, 2024-25, 2025-26, 2026-27",yjxr-fw8i,year,2018/19,1,0,1,2,medium,n
114,g5fd-8j6i,borough,"M, R",jcih-dj9q,borough,4,1,0,1,2,medium,n
115,kfgh-h6re,longitude,"-73.811061, -73.909402, -73.90977, -73.923122, -73.937889",tcj7-bhry,longitude,"-73.818247, -73.938711, -73.942303, -73.946845, -73.947916",1,0,1,2,medium,n
116,cspg-yi7g,city,"BAYSIDE, BRONX, BROOKLYN, CALVERTON, EAST SETAUKET",utpj-74fz,city,"Bronx, Brooklyn, Elmhurst, NEW YORK, New York",1,0,1,2,medium,y
117,52n9-sdep,shape_leng,"1071.49341272, 138.679061622, 171.8796812, 1816.7325425, 182.583439795",uk9f-6y9n,shape_leng,"1056031.28191, 1271867.23663, 1508523.96127, 1560117.26966, 1616650.92911",1,0,1,2,medium,n
118,utpj-74fz,borough,"BRONX, BROOKLYN, MANHATTAN, QUEENS",uu87-uz8m,borough_mn,11,1,0,0.8627,2,medium,n
119,bsin-59hv,bbl,"3031960010, 3032327501, 3049540046, 3052917501, 3056647502",pd5h-92mc,bbl,"1022150080, 2026980012, 2028380004, 2028450070, 2028500034",1,0,1,2,medium,y
120,jaw4-yuem,agency,"Administration for Children's Services, Department of Consumer and Worker Protection, Department of Corrections, Department of Health and Mental Hygiene, Department of Investigation",xrwg-eczf,agency,"CCHR, CCRB, DCAS, DCP, DCWP",1,0,1,2,medium,y
121,s3k6-pzi2,website,"schools.nyc.gov/SchoolPortals/08/X282, schools.nyc.gov/SchoolPortals/10/X439, schools.nyc.gov/schoolportals/02/M544, schools.nyc.gov/schoolportals/21/K728, schools.nyc.gov/schoolportals/29/Q313",ut65-is4f,website,"https://www.livexyz.com/, https://www.mastercard.us/en-us.html, wp.nyu.edu/sonyc/, www.beta.nyc/products/open-maps/, www.cuebiq.com/",1,0,1,2,medium,n
122,ahcp-vck8,boro,"2, 3, 2004",cmjf-yawu,boro,K,1,0,1,2,medium,n
123,82zj-84is,latitude,"40.519531, 40.606641, 40.606762, 40.650365, 40.671747",smn3-rzf9,latitude,"40.5841, 40.6243031677402, 40.643387, 40.6556061827375, 40.699768",1,0,1,2,medium,n
124,qybk-bjjc,borough,K,v57i-gtxb,borough,"Bronx, Brooklyn, Manhattan, Queens, Staten Island",1,0,1,2,medium,n
125,g76y-dcqj,borough,"BRONX, BROOKLYN, MANHATTAN",w2pb-icbu,borough,"1, 2",1,0,1,2,medium,n
126,4dx7-axux,longitude,"-73.771275, -73.771278, -73.771666, -73.814594, -73.950874",8gpu-s594,longitude,"-73.756839, -73.762795, -73.817441, -73.830366, -73.854824",1,0,1,2,medium,n
127,64uk-42ks,borough,"BX, QN, SI",f264-qcv3,borough,"BRONX, BROOKLYN, MANHATTAN, QUEENS",1,0,1,2,medium,y
128,b4mf-rg6h,zipcode,,ghu2-eden,zipcode,"10002, 10009, 10039, 10308, 10457",1,0,1,2,medium,n
129,6a2s-2t65,borough,Brooklyn,a4qt-mpr5,borough,"B, M, Q, R, X",1,0,1,2,medium,y
130,usmc-hn5p,borough,"Manhattan, Staten Island",w2pb-icbu,borough,"1, 2",1,0,1,2,medium,n
131,922w-z7da,latitude,"40.57843437842163, 40.64381010324276, 40.66273113759284, 40.68018559555126, 40.68311071745809",9hxz-c2kj,latitude,"40.567866131544, 40.580035276786, 40.593494416642, 40.624488731233, 40.625655229043",1,0,1,2,medium,n
132,922w-z7da,nta,"BK09, BK19, BK38, BK61, BK69",exsg-kpya,nta,"Brighton Beach, Charleston-Richmond Valley-Tottenville, Cypress Hills-City Line, Dyker Heights, Flatlands",1,0,1,2,medium,n
133,5ps9-yuef,borough,"1, 2, 3, 4, 5",vgmz-py3h,borough,M,1,0,1,2,medium,n
134,756x-9djt,borough,"Bronx Total, K, M, Manhattan Total, X",i3a3-qxkf,borough,"1, 2, 3, 4, 5",1,0,1,2,medium,n
135,ebkm-iyma,nta,"BK25, BK37, BK41, BX14, BX17",y9si-s7ab,nta,"BK61, BK79, BK95, BX14, BX35",1,0,1,2,medium,y
136,dy27-rrad,borough,Brooklyn,ssq6-fkht,borough,,1,0,1,2,medium,n
137,8wi4-bsy4,borough,"BK, BX, MN, QN",enfh-gkve,borough,"B, M, Q, R, X",1,0,1,2,medium,y
138,bdha-6eqy,name,"Ansonia Station, Cathedral Station, College Station, Columbia University, Columbus Circle",e4ej-j6hn,name,"Alex Lindower Park, Bensonhurst Park, Dyker Beach Park, Ferry Point Park, Francis Lewis Park",1,0,1,2,medium,n
139,5ery-qagt,longitude,"-73.807836500919, -73.826153188696, -73.861699899386, -73.893078496669, -73.904803302401",p4u2-3jgx,longitude,"-73.83763, -73.845794, -73.854798, -73.862144, -73.881384",1,0,1,2,medium,n
140,i595-2byq,address,"1014 BROOKLYN AVE, 1087 FLUSHING AVE, 120 RICHARDS STREET 2ND FLOOR, 1300 AVENUE P, 1302 81 ST ST.",xx2p-4jnq,address,"10 Richmond Terrace, 100 Gold St., 111 Canal St. (vacant), 111 Centre St., 120-55 Queens Blvd.",1,0,1,2,medium,y
141,5mv6-f76y,borough_bl,"1005830001, 1008010034, 1008160031, 1008190037, 1008620001",wcm8-aq5w,borough,"BRONX, MANHATTAN, QUEENS, STATEN IS",1,0,0.8678,2,medium,n
142,5npv-j6gn,borough,"B, M, R, X",9hyh-zkx9,borough,"Bronx, Brooklyn, Manhattan, Queens",1,0,1,2,medium,y
143,d83i-6us7,borough,"BK, MN, Qns",fn4k-qyk2,borough,"1, 2, 3, 4, 5",1,0,1,2,medium,n
144,h9gi-nx95,latitude,"40.59662, 40.62179, 40.667202, 40.67172, 40.675884",ygfr-ij6t,latitude,"40.620447, 40.730657, 40.815197, 40.818255, 40.818516",1,0,1,2,medium,n
145,4pta-f4ca,borough,"Bronx, Brooklyn, Manhattan, Queens, Staten Island",snr4-t66y,borough,"B, Q, R, X",1,0,1,2,medium,y
146,66be-66yr,location,"102-36 187TH STREET, 111-21 LIVERPOOL STREET, 113-32 205TH STREET, 114-42 139TH STREET, 115-22 210TH STREET",ghu2-eden,location,"29 St. bet. 40 Ave. and 39 Ave., 3 Ave. bet. 35 St. and 34 St., 31 Ave., 51 St., 54 St., 35 Ave. bet. Steinway St. and 41 St., Adelphi St., Clermont Ave., Dekalb Ave., Willoughby Ave.",1,0,1,2,medium,y
147,nnf6-km2a,borough,"Bronx, Bronx, Brooklyn, Manhattan, Queens, Bronx, Brooklyn, Manhattan, Queens, Staten Island, Bronx, Brooklyn, Manhattan, Staten Island, Bronx, Brooklyn, Queens",usep-8jbt,borough,1,1,0,1,2,medium,n
148,exsg-kpya,latitude,"40.515165, 40.579785, 40.593429, 40.622264, 40.62278",kfp4-dz4h,latitude,"40.563178, 40.598877, 40.637355, 40.67887, 40.713542",1,0,1,2,medium,n
149,5dck-9m6g,coundist,"1, 10, 19, 21, 25",p78i-pat6,coundist,"10, 11, 12, 13, 14",1,0,1,2,medium,n
150,nmue-7zq2,boroughname,"BROOKLYN, MANHATTAN, QUEENS",ptev-4hud,borough,"Bronx, Brooklyn, Outside NYC, Queens",0,1,0.8892,2,medium,y
151,c38p-gtif,qr_1_4,"No Data, Proficient, Well Developed",s7cx-86ha,qr_1_2,"Developing, No Data, Proficient, Well Developed",0,1,0.9018,2,medium,y
152,jvwx-xnsr,borough,"Bronx, Brooklyn",tqtj-sjs8,boroughname,"BROOKLYN, MANHATTAN, QUEENS",0,1,0.8892,2,medium,y
153,9f5n-qdib,borough,"Bronx, Brooklyn, Manhattan, Queens, Staten Island",nmue-7zq2,boroughname,"BROOKLYN, MANHATTAN, QUEENS",0,1,0.8892,2,medium,y
154,it7p-hbtd,borough,"Brooklyn, Citywide, Queens, Staten Island",nmue-7zq2,boroughname,"BROOKLYN, MANHATTAN, QUEENS",0,1,0.8892,2,medium,y
155,jtpv-nuuc,qr_1_4,"Developing, No Data, Proficient, Well Developed",kkng-ugna,qr_4_1,"No Data, Proficient, Well Developed",0,1,0.994,2,medium,y
156,c38p-gtif,qr_1_1,"Proficient, Well Developed",s7cx-86ha,qr_3_1,"Developing, No Data, Proficient, Well Developed",0,1,0.9378,2,medium,y
157,by6m-6zpb,req2,"Interview, Review of Attendance & Punctuality, School-based qualifying exam: Interested candidataes for 9th and 10th grade must take our school-based qualifying exam. See our website www.nestmk12.net for exam dates and to register., Writing sample- please see website for most current information, req2",i9pf-sj7c,req3,Writing Sample,0,1,0.8556,2,medium,n
158,c38p-gtif,qr_1_2,"Developing, Proficient, Well Developed",f4zj-z3db,qr_4_2,"Developing, Proficient, Well Developed",0,1,0.9002,2,medium,y
159,f4zj-z3db,qr_2_2,"Developing, Proficient, Well Developed",kkng-ugna,qr_1_3,"No Data, Proficient, Well Developed",0,1,0.8799,2,medium,y
160,f4zj-z3db,qr_1_4,"No Data, Proficient, Well Developed",s7cx-86ha,qr_4_2,"Developing, No Data, Proficient, Well Developed",0,1,0.9617,2,medium,y
161,ci36-d7ea,qr_1_2,"Developing, Proficient, Well Developed",kkng-ugna,qr_1_1,"Developing, No Data, Proficient, Well Developed",0,1,0.9689,2,medium,y
162,aizm-q3sx,boroughname,"Brooklyn, Manhattan, Queens",e7gc-ub6z,borough,"BRONX, MANHATTAN, QUEENS",0,1,0.8892,2,medium,y
163,uq7m-95z8,seats103,Yes-5,vw9i-7mzq,seats102,"No, Yes-10, Yes-35, Yes-5",0,1,0.9835,2,medium,y
164,jtpv-nuuc,qr_4_1,"No Data, Proficient, Well Developed",kkng-ugna,qr_1_2,"Developing, No Data, Proficient, Well Developed",0,1,0.8972,2,medium,y
165,c38p-gtif,qr_1_1,"Proficient, Well Developed",ci36-d7ea,qr_1_3,"No Data, Proficient, Well Developed",0,1,0.9379,2,medium,y
166,uq7m-95z8,seats105,Yes-5,vw9i-7mzq,seats102,"No, Yes-10, Yes-35, Yes-5",0,0.75,0.9652,2,medium,y
167,tqtj-sjs8,boroughname,"BROOKLYN, MANHATTAN, QUEENS",vibf-3qrq,borough,"BRONX, BROOKLYN, MANHATTAN, QUEENS",0,1,0.8892,2,medium,y
168,ci36-d7ea,qr_4_1,"Developing, No Data, Proficient, Well Developed",kkng-ugna,qr_5_1,"Developing, No Data, Proficient, Well Developed",0,1,0.8989,2,medium,y
169,cqsj-cfgu,borough,"Bronx, Brooklyn",tqtj-sjs8,boroughname,"BROOKLYN, MANHATTAN, QUEENS",0,1,0.8892,2,medium,y
170,9n6h-pt9g,borough,"Brooklyn, Queens, Staten Island",aizm-q3sx,boroughname,"Brooklyn, Manhattan, Queens",0,1,0.8892,2,medium,y
171,4kkh-qhtc,borough,"Bronx, Brooklyn, Manhattan, Queens, Staten Island",nmue-7zq2,boroughname,"BROOKLYN, MANHATTAN, QUEENS",0,1,0.8892,2,medium,y
172,f4zj-z3db,qr_1_1,"Developing, Proficient, Well Developed",s7cx-86ha,qr_5_1,"Developing, No Data, Proficient, Well Developed",0,1,0.9094,2,medium,y
173,c38p-gtif,qr_2_2,"Developing, Proficient, Well Developed",f4zj-z3db,qr_1_4,"No Data, Proficient, Well Developed",0,1,0.8745,2,medium,y
174,c38p-gtif,qr_1_3,"No Data, Proficient, Well Developed",f4zj-z3db,qr_1_4,"No Data, Proficient, Well Developed",0,1,0.9281,2,medium,y
175,f4zj-z3db,qr_1_2,"Developing, Proficient, Well Developed",kkng-ugna,qr_3_4,"No Data, Proficient, Well Developed",0,1,0.855,2,medium,y
176,jtpv-nuuc,qr_3_1,"No Data, Proficient, Well Developed",s7cx-86ha,qr_1_3,"No Data, Proficient, Well Developed",0,1,0.9939,2,medium,y
177,c38p-gtif,qr_3_4,"Proficient, Well Developed",kkng-ugna,qr_5_1,"Developing, No Data, Proficient, Well Developed",0,1,0.8677,2,medium,y
178,f4zj-z3db,qr_1_2,"Developing, Proficient, Well Developed",jtpv-nuuc,qr_4_2,"Developing, Proficient, Well Developed",0,1,0.9002,2,medium,y
179,nmue-7zq2,boroughname,"BROOKLYN, MANHATTAN, QUEENS",ruf7-3wgc,borough,"Bronx, Brooklyn, Manhattan, Queens",0,1,0.8892,2,medium,y
180,c38p-gtif,qr_3_1,"No Data, Proficient, Well Developed",jtpv-nuuc,qr_4_1,"No Data, Proficient, Well Developed",0,1,0.9167,2,medium,y
181,kkng-ugna,qr_5_1,"Developing, No Data, Proficient, Well Developed",s7cx-86ha,qr_1_4,"No Data, Proficient, Well Developed",0,1,0.8999,2,medium,y
182,ci36-d7ea,qr_1_1,"Developing, Proficient, Well Developed",f4zj-z3db,qr_3_1,"Developing, No Data, Proficient, Well Developed",0,1,0.9378,2,medium,y
183,aizm-q3sx,boroughname,"Brooklyn, Manhattan, Queens",f264-qcv3,borough,"BRONX, BROOKLYN, MANHATTAN, QUEENS",0,1,0.8892,2,medium,y
184,bhwu-wuzu,borough,"BROOKLYN, MANHATTAN, QUEENS, STATEN ISLAND",nmue-7zq2,boroughname,"BROOKLYN, MANHATTAN, QUEENS",0,1,0.8892,2,medium,y
185,ci36-d7ea,qr_3_1,"Developing, No Data, Proficient, Well Developed",jtpv-nuuc,qr_1_2,"Developing, Proficient, Well Developed",0,1,0.935,2,medium,y
186,b4mf-rg6h,borough,"Bronx, Brooklyn, Manhattan, Queens",ge3f-inui,boroughname,"BRONX, BROOKLYN, MANHATTAN, QUEENS, STATEN ISLAND",0,1,0.8892,2,medium,y
187,c38p-gtif,qr_4_2,"Developing, Proficient, Well Developed",f4zj-z3db,qr_1_4,"No Data, Proficient, Well Developed",0,1,0.9617,2,medium,y
188,ci36-d7ea,qr_1_4,"No Data, Proficient, Well Developed",jtpv-nuuc,qr_3_1,"No Data, Proficient, Well Developed",0,1,0.9221,2,medium,y
189,c38p-gtif,qr_1_4,"No Data, Proficient, Well Developed",ci36-d7ea,qr_1_2,"Developing, Proficient, Well Developed",0,1,0.9018,2,medium,y
190,ci36-d7ea,qr_5_1,"Developing, No Data, Proficient, Well Developed",jtpv-nuuc,qr_1_4,"Developing, No Data, Proficient, Well Developed",0,1,0.8999,2,medium,y
191,jtpv-nuuc,qr_1_3,"No Data, Proficient, Well Developed",kkng-ugna,qr_1_2,"Developing, No Data, Proficient, Well Developed",0,1,0.9345,2,medium,y
192,ci36-d7ea,qr_4_2,"Developing, Proficient, Well Developed",f4zj-z3db,qr_1_2,"Developing, Proficient, Well Developed",0,1,0.9002,2,medium,y
193,dvaj-b7yx,borough,"Bronx, Brooklyn, Manhattan, Queens",nmue-7zq2,boroughname,"BROOKLYN, MANHATTAN, QUEENS",0,1,0.8892,2,medium,y
194,jtpv-nuuc,qr_5_1,"Developing, No Data, Proficient, Well Developed",kkng-ugna,qr_3_1,"Developing, No Data, Proficient, Well Developed",0,1,0.8989,2,medium,y
195,ci36-d7ea,qr_3_1,"Developing, No Data, Proficient, Well Developed",s7cx-86ha,qr_3_4,"No Data, Proficient, Well Developed",0,1,0.9279,2,medium,y
196,ge3f-inui,boroughname,"BRONX, BROOKLYN, MANHATTAN, QUEENS, STATEN ISLAND",i4gi-tjb9,borough,"Bronx, Brooklyn, Manhattan, Queens, Staten Island",0,1,0.8892,2,medium,y
197,ge3f-inui,boroughname,"BRONX, BROOKLYN, MANHATTAN, QUEENS, STATEN ISLAND",ubdi-jgw2,borough,"Bronx, Brooklyn, Manhattan, Queens, Staten Island",0,1,0.8892,2,medium,y
198,c38p-gtif,qr_4_2,"Developing, Proficient, Well Developed",ci36-d7ea,qr_3_1,"Developing, No Data, Proficient, Well Developed",0,1,0.8906,2,medium,y
199,ci36-d7ea,qr_2_2,"Developing, Proficient, Well Developed",s7cx-86ha,qr_4_2,"Developing, No Data, Proficient, Well Developed",0,1,0.9465,2,medium,y
200,9b8z-mk7h,grade_11,"108, 1224, 1244, 137, 143",cgz5-877h,overall_grade,"A, B",0.5,0,0,1,low,n
201,28gm-7ump,hispanic,"*, 0, 18, 190, 52",8jzu-ady5,hispanic_1,"0.315, 0.318, 0.321, 0.323, 0.325",1,0,0,1,low,n
202,39et-rijq,year,FY24,idfb-y78n,year,"2013, 2014, 2015, 2016, 2017",1,0,0,1,low,n
203,c4vk-jvzy,q21_c2_r4,"0 hrs, 1-10 hrs, 11-20 hrs, 21-30 hrs, 31-40 hrs",njjd-3gve,q21_r1_c1,0,1,0,0,1,low,n
204,23z9-6uk9,location,"100 WEST MOSHOLU PARKWAY SOUTH, BRONX NY 10468(40.879958, -73.889011), 101 PARK AVENUE, BROOKLYN NY 11205(40.697177, -73.976104), 121-10 ROCKAWAY BOULEVARD, SOUTH OZONE PARK NY 11420(40.675021, -73.81673), 122 AMSTERDAM AVENUE, MANHATTAN NY 10023(40.774891, -73.985608), 144-80 BARCLAY AVENUE, FLUSHING NY 11355(40.759963, -73.818399)",n88k-5bs4,location_name,"Earth School, Neighborhood School, Orchard Collegiate Academy, P.S. 015 Roberto Clemente, P.S. 019 Asher Levy",0.5,0,0,1,low,n
205,uqxv-h2se,nta,"Central Harlem North-Polo Grounds, College Point, Crotona Park East, East Tremont, Hunts Point",vmfm-wic2,nta,"BK0401, BK0502, BK1302, BX0402",1,0,0,1,low,n
206,69n5-r375,of_8th_grade_students_that,"1077, 1122, 1437, 1444, 1476",tybm-5xnx,of_8th_grade_students_that_1,"0.618, 0.743, 0.768, 0.801, 0.805",1,0,0,1,low,n
207,922w-z7da,community_board,"101, 110, 111, 201, 204",9s68-zggy,community_board,"101, 202, 209, 402, 407",1,0,0,1,low,y
208,9ck6-2jew,distance_from_condo_in_miles_2,"0.05, 0.1, 0.12, 0.19, 0.2",myei-c3fa,distance_from_co_op_in_miles,"0, 0.04, 0.05, 0.06, 0.07",0.75,0,0,1,low,n
209,avhb-5jhc,rc_code,"K003100, K008500",n3p6-zve2,state_code,NY,0.5,0,0,1,low,n
210,6z8x-wfk4,bin,"1020356, 1025078, 1032786, 1045210, 1052972",e7es-jx5j,bin,"1003143, 1003248, 1003375, 1003736, 1004066",1,0,0,1,low,y
211,vgmz-py3h,city_council_district,"1, 2",xeqp-qz8h,council_district,"12, 17",0.6667,0,0,1,low,n
212,4wgu-f3yf,grade_level,HS Core,a345-26ab,grade_1,"1076, 1136, 131, 139, 142",0.5,0,0,1,low,n
213,3gkd-ddzn,bin,"1001394, 1014408, 1024926, 1041900, 1051688",72r6-mtgs,bin,"1000000, 1000057, 1001111, 1001280, 1001394",1,0,0,1,low,y
214,5mb3-padx,bicycle_type_2,"0, 995",feu5-w2e2,type,"Agent, CorporateOwner, HeadOfficer, Officer, Shareholder",0.5,0,0,1,low,n
215,budf-qanm,q17_c10_r3,,njjd-3gve,q17_c3_r1,"0, 15, 18, 20",0.5,0,0,1,low,n
216,mpw3-7xyh,report_date,"2024-06-30T00:00:00.000, 2024-12-31T00:00:00.000, 2025-06-30T00:00:00.000, 2025-12-31T00:00:00.000",qj2z-ibhs,original_plan_date,"2018-12-31T00:00:00.000, 2021-11-30T00:00:00.000, 2023-12-31T00:00:00.000, 2024-05-31T00:00:00.000, 2024-06-30T00:00:00.000",0,0.6667,0,1,low,n
217,5vi6-xdpy,borough,"Bronx, Brooklyn, Manhattan",kj4p-ruqc,boro,"BRONX, BROOKLYN, QUEENS",0,1,0,1,low,y
218,5fs5-yi3e,african_american,"*, 0, 1464, 15, 19",k8ah-28f4,number_of_offers,"0-5, 18, 20, 21, 22",0,0.5,0,1,low,n
219,jpcp-ic7c,qnocitibike09,"NA, No, Yes",kcey-vehy,qday1triptransitto3,"NA, No",0,1,0,1,low,y
220,dd6w-hnq9,qsharefreq,5,iqmu-i4pa,grade_level,"1, 2, 3, 4, 5",0,0.75,0,1,low,n
221,a345-26ab,ell_chinese,"26, 623, 84",vc9v-wg6y,ela_level_1,"10, 15, 16, 17, 20",0,0.6923,0,1,low,n
222,4n2j-ut8i,_2009_2010_environment_grade,"A, B, C, D, F",cvh6-nmyi,_2009_10_progress_report_grade,"A, B, C, D",0.3333,0.8,0,1,low,y
223,h6af-x63h,borough,"Bronx, Brooklyn, Queens",mdbu-nrqn,boro,"Bronx, Brooklyn, Manhattan, Queens",0,1,0,1,low,y
224,8eux-rfe8,input_1_borough,"BRONX, BROOKLYN, MANHATTAN, QUEENS",a8wp-rerh,boro,"BRONX, BROOKLYN, MANHATTAN, QUEENS, STATEN IS",0,0.8,0,1,low,y
225,29ry-u5bf,grade_4,"10, 14, 16, 17, 24",kg6x-kv5b,_10_principal,R,0,0.6923,0,1,low,n
226,4tys-3tzj,borough,"BRONX, MANHATTAN, QUEENS, STATEN IS",9jgj-bmct,incident_address_4,"Bronx, Brooklyn, Manhattan, Queens, Staten Island",0,0.8,0,1,low,y
227,7scx-rfrp,grade_7,No Data,9ddu-fvnv,_2_principal,"6, R",0,0.6667,0,1,low,n
228,8zxg-9a5c,number_of_public_housing,"0, 10, 11, 14, 24",bx2w-sb84,ela_test_takers,"10, 122, 137, 14, 16",0,0.625,0,1,low,n
229,89bd-raqa,february_transports,"11, 12, 13, 16, 17",w3w9-rtaj,female,"11, 12, 16, 19, 20",0,0.7273,0,1,low,n
230,3m3d-zzwn,borough,"Bronx, Brooklyn, Manhattan, Queens",g62n-cz6a,fjc,"Brooklyn, Manhattan, Queens",0,1,0,1,low,y
231,mk9u-qu7i,us_congress,"11, 13, 6, Null",q7yn-jhqw,transport_total,"10, 11, 20, 6, 7",0,0.6,0,1,low,n
232,7yc5-fec2,ela #level 4,,a345-26ab,ela #level 3,,0,0,0.9731,1,low,n
233,k397-673e,agency name,,npe5-sakb,agency,"DCAS, DOITT",0,0,0.8743,1,low,n
234,98b7-th5j,neighborhood tabulation area (nta) (2020),,adax-9mit,neighborhood tabulation area (nta) (2020) (from 2023),,0,0,0.9675,1,low,n
235,eg75-mh9k,#grade 11,,xni9-ncns,#grade 8,,0,0,0.8871,1,low,n
236,9hxz-c2kj,communityboard,"102, 105, 107, 112, 203",a8wp-rerh,community board,,0,0,0.9127,1,low,n
237,2er2-jqsx,council_district,"1, 10, 12, 13, 14",bf97-mjsy,council district,,0,0,0.9325,1,low,n
238,6kcb-9g8d,code_prog6,,uqxv-h2se,code_prog4,.,0.3333,0,0.8576,1,low,n
239,956m-xy24,comparable rental 2  est. gross income,,jcih-dj9q,comparable rental â 2 â estimated gross income,,0,0,0.9374,1,low,n
240,7yc5-fec2,math %level 2,,pgun-i6u7,math %level 3,,0,0,0.9311,1,low,n
241,2a5f-5ryi,grade 10,,vmmu-wj3w,grade 12,,0,0,0.8889,1,low,n
242,8eux-rfe8,longitude2,"-73.80820856, -73.81263765, -73.82552221, -73.87834709, -73.90802758",kb2e-tjy3,longitude,"-73.729558, -73.803981, -73.83033, -73.832241, -73.839728",0,0,0.883,1,low,n
243,bx2w-sb84,%white,,pgun-i6u7,%white,,0,0,1,1,low,n
244,bmxf-3rd4,council district,,kuxa-tauh,city council districts,,0,0,0.8831,1,low,n
245,c7ru-d68s,grade 3,,s52a-8aq6,grade 10,,0,0,0.8721,1,low,n
246,7yc5-fec2,math #level 3,,u7tg-8kia,math #level 4,,0,0,0.9289,1,low,n
247,6y5g-5hkj,postcode,"10001, 10029, 10038, 10453, 10456",mifw-tguq,postcode,,0,0,1,1,low,n
248,5ar6-qxhs,census tract (2020),,77q4-nkfh,census tract,,0,0,0.8621,1,low,n
249,jxyc-rxiv,comparable rental – 2 –gross sqft,,m59i-mqex,comparable rental 1  gross income per sqft,,0,0,0.8868,1,low,n
250,smui-k6ms,gender,"*, 0, 6",uq7m-95z8,school_email,"DAfanadorSoukar@schools.nyc.gov, DSantiago3@schools.nyc.gov, EKelch@schools.nyc.gov, ICEadmissions@gmail.com, JDaly7@schools.nyc.gov",0,0,0,0,negative,n
251,kcey-vehy,ntacode_home,"BX30, MN15, MN36, QN50",qz5f-yx82,avg_training_hrs_per_week,"0, 11.3, 12.4, 19.1, 21.3",0,0,0,0,negative,n
252,niy5-4j7q,comparable_rental_2_address_zip,,uq7m-95z8,grade9swdapplicantsperseat3,,0,0,0,0,negative,n
253,c99a-c5ux,published_date,2024-04-24 0:00:00,s4kf-3yrf,link_installation,"2016-10-15T00:00:00.000, 2016-10-22T00:00:00.000, 2016-10-26T00:00:00.000, 2016-11-13T00:00:00.000, 2017-01-29T00:00:00.000",0,0,0,0,negative,n
254,smka-gz6w,female,"531848, 547203, 550364, 551727, 553978",y9si-s7ab,catchment_type,other,0,0,0,0,negative,n
255,c4dx-tk4d,completed_both,YES,kswi-37bp,medical_office_weekly,40,0,0,0,0,negative,n
256,3qfc-4tta,comparable_rental_2_net_operating_income,"140014, 143383, 159564, 1708764, 246511",kivi-tmb3,school_name,"East Side Community School, Forsyth Satellite Academy, Henry Street School for International Studies, University Neighborhood High School",0,0,0,0,negative,n
257,4tys-3tzj,electricity_use_grid_purchase_2,"10112847.3, 109258688.7, 15906222, 17308898.6, 23995340.4",c9sj-fmsg,oftcode,,0,0,0,0,negative,n
258,bray-s6dc,fb_relationship_ex_spouse,374,psr5-vz6y,zip_code,"10000, 10001, 10002, 10003, 10004",0,0,0,0,negative,n
259,d3ge-anaz,service_category_k_9_only_,"-, 12:1:1",naib-xtez,a47_using_controlled_1,R,0,0,0,0,negative,n
260,3qfc-4tta,comparable_rental_2_boro_block_lot,"2-02287-0046, 2-02370-0049, 2-02612-0002, 2-02674-0027, 2-02674-0051",4k4u-823g,borough_name,NEW YORK,0,0,0,0,negative,n
261,ahcp-vck8,sch,"1, 2, 2003",veqt-eu3t,hmp_index,"MA.00001, MA.00002, MA.00003, MA.00004, MA.00005",0,0,0,0,negative,n
262,f33j-ecpr,q26_r2_c4,0,ipu7-kigb,outreach_partner_not_noted,"0, 1, 2, 3, 5",0,0,0,0,negative,n
263,67g2-p84d,latitude,"40.544346522293594, 40.54609930165917, 40.58020912761524, 40.59740277774988, 40.606368145578486",6xgr-kwjq,complaint_id,"200207785, 200305615, 200308351, 200410050, 200610868",0,0,0,0,negative,n
264,4t62-jm4m,propane_use_kbtu,,irhv-jqz7,comparable_rental_3_address_state,,0,0,0,0,negative,n
265,qnem-b8re,stlength,"133.53807966266206, 134.18589085434462, 137.49878006560175, 137.83023140026063, 138.63146446269218",tiwv-ukz3,average_class_size,"20.2, 20.3, 20.8, 21.5, 21.8",0,0,0,0,negative,n
266,8z5h-tzdr,e_mail,"CB10QNS@NYC.RR.COM, CBROCK14@NYC.RR.COM, COMMUNITYBD9@NYC.RR.COM, COMMUNITYBOARD3@NYC.RR.COM, MMCMILLAN@QB13.org",bawj-6bgn,comparable_rental_1_total_units,"11, 117, 12, 14, 16",0,0,0,0,negative,n
267,hi8h-gudb,q169_it_s_a_priority_at_this_1,"0, 0.05, 0.06, 0.08, 0.09",xp25-gxux,gf_permit_appl_id,"90025, 90068, 90079, 90319, 90372",0,0,0,0,negative,n
268,7zb8-7bpk,class_3,"10.81300, 10.93400, 11.12500, 11.18100, 11.57700",utpj-74fz,medical_office_weekly,"65, Not Available",0,0,0,0,negative,n
269,66be-66yr,estimated,"N, NA, Y",atne-2dki,program_name,"CASES, CCI",0,0,0,0,negative,n
270,5njs-bq3c,delivery_8,0,kx6j-f3vm,est_ficatax,"0, 1151.2062414, 1244.547288, 22356.1175522685, 2333.526165",0,0,0,0,negative,n
271,2jg5-6hqv,unknown_other_count_2,*,66ry-raij,black,"13, 22, 6, 7, 9",0,0,0,0,negative,n
272,4tys-3tzj,electricity_use_grid_purchase,"10112846.5, 109258703.4, 15906223.2, 17308898.1, 23995341.5",tpt8-yikk,povunit_rel,"1, 2, 3, 4",0,0,0,0,negative,n
273,mf9g-zhbw,bin,"1076222, 1090338, 2102044, 2117360, 3332350",wq9a-qu9a,total_charges,"0, 1, 2, 3, 4",0,0,0,0,negative,n
274,rgyu-ii48,appliedrate,"0.000000, 2.500000",uu87-uz8m,fjc_contact_vic,3,0,0,0,0,negative,n
275,frre-6z6q,total_tax_credit_units,"170, 179, 30, 36, 38",fuvx-wqd7,language,"Arabic, Bengali",0,0,0,0,negative,n
276,9jkp-n57r,description,"Bronx Express, CARVER HOUSES SENIOR CENTER COMPUTER LAB, CLAREMONT HOUSES GYM RENOVATION FOR CLAREMONT NEIGHBORHOOD, CORSI HOUSES UPGRADES TO LAGUARDIA COMMUNITY CENTER, Chelsea Recreation Center Multimedia Center Reconstruction",m4ph-grrm,borough_code,1,0,0,0,0,negative,n
277,jiwc-ncpi,total_families,"21022, 23077, NA",nbun-wekj,courthouse_gross_floor_area,Not Available,0,0,0,0,negative,n
278,cwjy-rrh3,fy_2008,"(1,750,454), (1,986), (124,441), (2,416), - 0",irhv-jqz7,comparable_rental_2_estimated_expense,"1117470, 184695, 189596, 206226, 2238506",0,0,0,0,negative,n
279,cwg5-cqkm,comparable_rental_1_boro_block_lot,"4-00137-0004, 4-00137-0013, 4-00184-0009, 4-01263-0015, 4-01275-0061",pq4c-wbq4,presumed_building_units,"131, 165, 173, 18, 224",0,0,0,0,negative,n
280,76hw-72td,off_pov_stat,"1, 2",nbun-wekj,retail_store_open_or_closed,"0, 0.07954, 0.10125, 0.11138, 0.29771",0,0,0,0,negative,n
281,reri-chf8,ell_arabic_2,"3.8%, 5.0%, 5.4%, No Data, s",t7ny-aygi,dropoff_longitude,"-73.936937999999998, -73.942300000000003, -73.943037000000004, -73.951708999999994, -73.970245000000006",0,0,0,0,negative,n
282,t5qg-w9sq,b48_weapon_possession_category_ii_r,R,wq7q-htne,cy_2017_source_mmbtu,"10891458.13, 134252117.47, 142378.53, 14740463.32, 14756803.62",0,0,0,0,negative,n
283,23z9-6uk9,method8,,kgzj-pjna,c_code,"CORP, IND, PCOM, PCOMP, PCOMZ",0,0,0,0,negative,n
284,76hw-72td,nycgov_pov_stat,"1, 2",jz4z-kudi,respondent_address_state_name,,0,0,0,0,negative,n
285,ftpm-ey3k,location_name,"Collaborative Academy of Science, Technology, & La, Henry Street School for International Studies, Neighborhood School, P.S. 015 Roberto Clemente, P.S. 019 Asher Levy",wyj6-frpa,city,"BRONX, BROOKLYN, CORONA, ELMHURST, FLUSHING",0,0,0,0,negative,n
286,r4c5-ndkx,old_inspect_id,,rmv8-86p4,comparable_rental_1_year_built,"1900, 1915, 1924, 1931, 1935",0,0,0,0,negative,n
287,bray-s6dc,fb_country_si_honduras,18,iaig-3vs5,bbl,"1007570066, 1007580028, 1007830070, 1007840077, 1008630081",0,0,0,0,negative,n
288,k7nh-aufb,supermarkets_grocery_gross,5000,p5md-weyf,:@computed_region_92fq_4b7q,"11, 16, 19, 24, 28",0,0,0,0,negative,n
289,23z9-6uk9,school_name,"Baccalaureate School for Global Education, Bard High School Early College, Bronx Design and Construction Academy, Bronx High School for Writing and Communication Arts, Dr. Susan S. McKinney Secondary School of the Arts",fg5j-q5nk,home_broadband_adoption_by,"High Connected, Low Connected, Medium High Connected, Medium Low Connected",0,0,0,0,negative,n
290,5uf6-jjmy,cd_25,"*, 0",kcey-vehy,qdisability5,No,0,0,0,0,negative,n
291,69n5-r375,of_8th_grade_students,"1177, 1257, 1268, 1305, 1596",a94k-kjys,fundingreq_dfy_15_19,"0.4, 0.46, 0.83, 1.23, 1.69",0,0,0,0,negative,n
292,c7ru-d68s,grade_pk_half_day_full_day,"10, 12, 13, 14, 15",w99a-xtai,category,"All Students, Home Language is ALBANIAN, Home Language is AMERICAN SIGN LANGUAGE, Home Language is AMOY (CHINESE), Home Language is ARABIC",0,0,0,0,negative,n
293,66yh-nemi,organization,"158 St. & Riverside Drive Housing Co., Inc., A. Philip Randolph Campus High School, Amber Charter School, American Museum of Natural History, Animal Care Centers of NYC",urzf-q2g5,dual_language_program_s,"CHINESE, CHINESE, SPANISH, SPANISH",0,0,0,0,negative,n
294,uq7m-95z8,council_district,"12, 16, 17, 2, 26",yr5p-wjer,weather_normalized_site_1,"100905648, 12764247.3, 13810260.1, 15383118.8, 17444101.4",0,0,0,0,negative,n
295,2a5f-5ryi,economic_need_index,"0.502, 0.519, 0.598, 0.608, 0.632",dvzp-h4k9,comparable_rental_2_gross_income_per_sqft,"34.26, 35.68, 35.98, 37.04, 41.58",0,0,0,0,negative,n
296,cwy2-px8b,cross_street_1,"131 STREET, 14 AVENUE, 154 STREET, 3 AVENUE, 56 STREET",nbun-wekj,source_energy_use_kbtu,"1115357773, 114092935.5, 123981410.4, 153684556.6, 157766618.7",0,0,0,0,negative,n
297,8b6c-7uty,grade9swdapplicantsperseat4,,qmh3-uvgq,auction_amount,0,0,0,0,0,negative,n
298,9sji-jws4,male_removals,R,i2im-iqtt,scooter_typical_charge_5,995,0,0,0,0,negative,n
299,5nux-zfmw,pet_s_placed_with_non_profit,0,dd6w-hnq9,qpreridehailcode12,0,0,0,0,0,negative,n